Date,Close
2015-01-02,24.237545013427734
2015-01-05,23.554733276367188
2015-01-06,23.55695343017578
2015-01-07,23.88727569580078
2015-01-08,24.805082321166992
2015-01-09,24.831680297851562
2015-01-12,24.219816207885742
2015-01-13,24.43486213684082
2015-01-14,24.34174156188965
2015-01-15,23.681106567382812
2015-01-16,23.497102737426758
2015-01-20,24.102319717407227
2015-01-21,24.28632926940918
2015-01-22,24.918148040771484
2015-01-23,25.046724319458008
2015-01-26,25.07332992553711
2015-01-27,24.19542694091797
2015-01-28,25.563264846801758
2015-01-29,26.359140396118164
2015-01-30,25.973392486572266
2015-02-02,26.299278259277344
2015-02-03,26.303720474243164
2015-02-04,26.505447387695312
2015-02-05,26.694639205932617
2015-02-06,26.469846725463867
2015-02-09,26.645675659179688
2015-02-10,27.157577514648438
2015-02-11,27.79411506652832
2015-02-12,28.14577293395996
2015-02-13,28.283761978149414
2015-02-17,28.45069122314453
2015-02-18,28.648771286010742
2015-02-19,28.58868408203125
2015-02-20,28.822378158569336
2015-02-23,29.601360321044922
2015-02-24,29.416624069213867
2015-02-25,28.66434669494629
2015-02-26,29.027130126953125
2015-02-27,28.590911865234375
2015-03-02,28.73112678527832
2015-03-03,28.791217803955078
2015-03-04,28.60870933532715
2015-03-05,28.134645462036133
2015-03-06,28.17693519592285
2015-03-09,28.297122955322266
2015-03-10,27.71177101135254
2015-03-11,27.206541061401367
2015-03-12,27.698413848876953
2015-03-13,27.50700569152832
2015-03-16,27.8096981048584
2015-03-17,28.27486228942871
2015-03-18,28.59312629699707
2015-03-19,28.377248764038086
2015-03-20,28.021135330200195
2015-03-23,28.31268882751465
2015-03-24,28.196956634521484
2015-03-25,27.460264205932617
2015-03-26,27.65167236328125
2015-03-27,27.43133544921875
2015-03-30,28.12574005126953
2015-03-31,27.69396209716797
2015-04-01,27.653902053833008
2015-04-02,27.892045974731445
2015-04-06,28.343860626220703
2015-04-07,28.045621871948242
2015-04-08,27.95436668395996
2015-04-09,28.168031692504883
2015-04-10,28.288209915161133
2015-04-13,28.232574462890625
2015-04-14,28.110164642333984
2015-04-15,28.21699333190918
2015-04-16,28.081235885620117
2015-04-17,27.765182495117188
2015-04-20,28.39950180053711
2015-04-21,28.245933532714844
2015-04-22,28.62652015686035
2015-04-23,28.860206604003906
2015-04-24,28.995981216430664
2015-04-27,29.523462295532227
2015-04-28,29.058290481567383
2015-04-29,28.63097381591797
2015-04-30,27.854211807250977
2015-05-01,28.69996452331543
2015-05-04,28.644325256347656
2015-05-05,27.998878479003906
2015-05-06,27.82305145263672
2015-05-07,27.99514389038086
2015-05-08,28.52260398864746
2015-05-11,28.2320499420166
2015-05-12,28.131479263305664
2015-05-13,28.16276741027832
2015-05-14,28.819849014282227
2015-05-15,28.779617309570312
2015-05-18,29.096981048583984
2015-05-19,29.07015609741211
2015-05-20,29.06792449951172
2015-05-21,29.36518096923828
2015-05-22,29.622196197509766
2015-05-26,28.969587326049805
2015-05-27,29.510454177856445
2015-05-28,29.452341079711914
2015-05-29,29.117097854614258
2015-06-01,29.17520523071289
2015-06-02,29.045578002929688
2015-06-03,29.081335067749023
2015-06-04,28.911476135253906
2015-06-05,28.75279426574707
2015-06-08,28.562824249267578
2015-06-09,28.477893829345703
2015-06-10,28.8042049407959
2015-06-11,28.7393856048584
2015-06-12,28.422021865844727
2015-06-15,28.36614990234375
2015-06-16,28.518131256103516
2015-06-17,28.451078414916992
2015-06-18,28.580707550048828
2015-06-19,28.294631958007812
2015-06-22,28.520360946655273
2015-06-23,28.390735626220703
2015-06-24,28.632102966308594
2015-06-25,28.495777130126953
2015-06-26,28.328153610229492
2015-06-29,27.831995010375977
2015-06-30,28.033143997192383
2015-07-01,28.294631958007812
2015-07-02,28.258867263793945
2015-07-06,28.16053009033203
2015-07-07,28.091251373291016
2015-07-08,27.39394187927246
2015-07-09,26.8351993560791
2015-07-10,27.552621841430664
2015-07-13,28.08454132080078
2015-07-14,28.0733642578125
2015-07-15,28.343801498413086
2015-07-16,28.721506118774414
2015-07-17,28.969587326049805
2015-07-20,29.51715850830078
2015-07-21,29.22214126586914
2015-07-22,27.986207962036133
2015-07-23,27.972793579101562
2015-07-24,27.82529067993164
2015-07-27,27.438644409179688
2015-07-28,27.574968338012695
2015-07-29,27.48780632019043
2015-07-30,27.3492374420166
2015-07-31,27.1101016998291
2015-08-03,26.470903396606445
2015-08-04,25.62160873413086
2015-08-05,25.791465759277344
2015-08-06,25.84759521484375
2015-08-07,25.93515968322754
2015-08-10,26.87809181213379
2015-08-11,25.47940444946289
2015-08-12,25.872289657592773
2015-08-13,25.85209083557129
2015-08-14,26.033935546875
2015-08-17,26.303346633911133
2015-08-18,26.155174255371094
2015-08-19,25.820653915405273
2015-08-20,25.290817260742188
2015-08-21,23.74396324157715
2015-08-24,23.15125846862793
2015-08-25,23.29045295715332
2015-08-26,24.62627410888672
2015-08-27,25.3514347076416
2015-08-28,25.434507369995117
2015-08-31,25.315515518188477
2015-09-01,24.183992385864258
2015-09-02,25.221220016479492
2015-09-03,24.77893829345703
2015-09-04,24.531984329223633
2015-09-08,25.2144832611084
2015-09-09,24.729541778564453
2015-09-10,25.272859573364258
2015-09-11,25.64105224609375
2015-09-14,25.888004302978516
2015-09-15,26.10577964782715
2015-09-16,26.134967803955078
2015-09-17,25.57594108581543
2015-09-18,25.470428466796875
2015-09-21,25.865554809570312
2015-09-22,25.459196090698242
2015-09-23,25.665746688842773
2015-09-24,25.81841278076172
2015-09-25,25.75330352783203
2015-09-28,25.243669509887695
2015-09-29,24.484834671020508
2015-09-30,24.76322364807129
2015-10-01,24.601579666137695
2015-10-02,24.78117561340332
2015-10-05,24.870983123779297
2015-10-06,24.989978790283203
2015-10-07,24.870983123779297
2015-10-08,24.583614349365234
2015-10-09,25.171829223632812
2015-10-12,25.055086135864258
2015-10-13,25.097742080688477
2015-10-14,24.743019104003906
2015-10-15,25.11345863342285
2015-10-16,24.92935562133789
2015-10-19,25.08426856994629
2015-10-20,25.542266845703125
2015-10-21,25.540019989013672
2015-10-22,25.93067169189453
2015-10-23,26.734403610229492
2015-10-26,25.881277084350586
2015-10-27,25.71738624572754
2015-10-28,26.777057647705078
2015-10-29,27.059938430786133
2015-10-30,26.82869529724121
2015-11-02,27.20587158203125
2015-11-03,27.5179386138916
2015-11-04,27.389963150024414
2015-11-05,27.263702392578125
2015-11-06,27.29526710510254
2015-11-09,27.18478775024414
2015-11-10,26.328006744384766
2015-11-11,26.179203033447266
2015-11-12,26.09126853942871
2015-11-13,25.329177856445312
2015-11-16,25.744047164916992
2015-11-17,25.63356590270996
2015-11-18,26.445249557495117
2015-11-19,26.781198501586914
2015-11-20,26.898447036743164
2015-11-23,26.548967361450195
2015-11-24,26.803743362426758
2015-11-25,26.612096786499023
2015-11-27,26.5624942779541
2015-11-30,26.67298126220703
2015-12-01,26.45652198791504
2015-12-02,26.217525482177734
2015-12-03,25.974023818969727
2015-12-04,26.837570190429688
2015-12-07,26.668466567993164
2015-12-08,26.65719223022461
2015-12-09,26.068716049194336
2015-12-10,26.192729949951172
2015-12-11,25.518571853637695
2015-12-14,25.360748291015625
2015-12-15,24.91206169128418
2015-12-16,25.10371208190918
2015-12-17,24.57160758972168
2015-12-18,23.906471252441406
2015-12-21,24.199581146240234
2015-12-22,24.177038192749023
2015-12-23,24.488178253173828
2015-12-24,24.35741424560547
2015-12-28,24.084592819213867
2015-12-29,24.51749610900879
2015-12-30,24.197330474853516
2015-12-31,23.732858657836914
2016-01-04,23.75315284729004
2016-01-05,23.157909393310547
2016-01-06,22.70471954345703
2016-01-07,21.74648094177246
2016-01-08,21.861469268798828
2016-01-11,22.215450286865234
2016-01-12,22.537872314453125
2016-01-13,21.958419799804688
2016-01-14,22.438663482666016
2016-01-15,21.899791717529297
2016-01-19,21.7938289642334
2016-01-20,21.823137283325195
2016-01-21,21.712663650512695
2016-01-22,22.867055892944336
2016-01-25,22.42062759399414
2016-01-26,22.544639587402344
2016-01-27,21.06330680847168
2016-01-28,21.21436882019043
2016-01-29,21.947147369384766
2016-02-01,21.741966247558594
2016-02-02,21.302303314208984
2016-02-03,21.723928451538086
2016-02-04,21.898481369018555
2016-02-05,21.313621520996094
2016-02-08,21.53804588317871
2016-02-09,21.533504486083984
2016-02-10,21.370290756225586
2016-02-11,21.241071701049805
2016-02-12,21.30681037902832
2016-02-16,21.90755271911621
2016-02-17,22.243059158325195
2016-02-18,21.8214054107666
2016-02-19,21.771535873413086
2016-02-22,21.96195411682129
2016-02-23,21.465505599975586
2016-02-24,21.78514289855957
2016-02-25,21.93475341796875
2016-02-26,21.968765258789062
2016-02-29,21.91888999938965
2016-03-01,22.78938865661621
2016-03-02,22.83925437927246
2016-03-03,23.00927734375
2016-03-04,23.351581573486328
2016-03-07,23.093154907226562
2016-03-08,22.902729034423828
2016-03-09,22.923139572143555
2016-03-10,22.934467315673828
2016-03-11,23.18156623840332
2016-03-14,23.24050521850586
2016-03-15,23.707489013671875
2016-03-16,24.022586822509766
2016-03-17,23.984054565429688
2016-03-18,24.011260986328125
2016-03-21,24.008987426757812
2016-03-22,24.192611694335938
2016-03-23,24.058856964111328
2016-03-24,23.95458221435547
2016-03-28,23.845773696899414
2016-03-29,24.410236358642578
2016-03-30,24.836414337158203
2016-03-31,24.70720100402832
2016-04-01,24.933897018432617
2016-04-04,25.1900577545166
2016-04-05,24.89308738708496
2016-04-06,25.15378761291504
2016-04-07,24.605194091796875
2016-04-08,24.63239860534668
2016-04-11,24.71399688720703
2016-04-12,25.035905838012695
2016-04-13,25.398611068725586
2016-04-14,25.41221809387207
2016-04-15,24.90215492248535
2016-04-18,24.364898681640625
2016-04-19,24.235681533813477
2016-04-20,24.285551071166992
2016-04-21,24.022586822509766
2016-04-22,23.95684814453125
2016-04-25,23.820833206176758
2016-04-26,23.655349731445312
2016-04-27,22.175048828125
2016-04-28,21.497241973876953
2016-04-29,21.25014877319336
2016-05-02,21.227474212646484
2016-05-03,21.576574325561523
2016-05-04,21.352157592773438
2016-05-05,21.26548957824707
2016-05-06,21.146896362304688
2016-05-09,21.162858963012695
2016-05-10,21.306543350219727
2016-05-11,21.098995208740234
2016-05-12,20.60407829284668
2016-05-13,20.645130157470703
2016-05-16,21.411453247070312
2016-05-17,21.322509765625
2016-05-18,21.566543579101562
2016-05-19,21.48443603515625
2016-05-20,21.717077255249023
2016-05-23,21.993043899536133
2016-05-24,22.328306198120117
2016-05-25,22.720590591430664
2016-05-26,22.900775909423828
2016-05-27,22.887083053588867
2016-05-31,22.77532958984375
2016-06-01,22.456026077270508
2016-06-02,22.287254333496094
2016-06-03,22.332870483398438
2016-06-06,22.494800567626953
2016-06-07,22.586030960083008
2016-06-08,22.56550407409668
2016-06-09,22.727439880371094
2016-06-10,22.540414810180664
2016-06-13,22.20058250427246
2016-06-14,22.227951049804688
2016-06-15,22.15497589111328
2016-06-16,22.248483657836914
2016-06-17,21.74216079711914
2016-06-20,21.689701080322266
2016-06-21,21.874448776245117
2016-06-22,21.79233169555664
2016-06-23,21.91777229309082
2016-06-24,21.301984786987305
2016-06-27,20.991796493530273
2016-06-28,21.34531593322754
2016-06-29,21.530052185058594
2016-06-30,21.803743362426758
2016-07-01,21.8698787689209
2016-07-05,21.664613723754883
2016-07-06,21.787776947021484
2016-07-07,21.881282806396484
2016-07-08,22.05005645751953
2016-07-11,22.11848258972168
2016-07-12,22.21883201599121
2016-07-13,22.0933895111084
2016-07-14,22.531295776367188
2016-07-15,22.52901268005371
2016-07-18,22.768484115600586
2016-07-19,22.777612686157227
2016-07-20,22.798139572143555
2016-07-21,22.67725372314453
2016-07-22,22.50164794921875
2016-07-25,22.20058250427246
2016-07-26,22.047775268554688
2016-07-27,23.480073928833008
2016-07-28,23.797090530395508
2016-07-29,23.767436981201172
2016-08-01,24.187097549438477
2016-08-02,23.829029083251953
2016-08-03,24.12779998779297
2016-08-04,24.27684783935547
2016-08-05,24.646038055419922
2016-08-08,24.850116729736328
2016-08-09,24.951019287109375
2016-08-10,24.765275955200195
2016-08-11,24.749221801757812
2016-08-12,24.806554794311523
2016-08-15,25.104646682739258
2016-08-16,25.08172035217285
2016-08-17,25.04503059387207
2016-08-18,25.01292610168457
2016-08-19,25.07713508605957
2016-08-22,24.882219314575195
2016-08-23,24.960180282592773
2016-08-24,24.772159576416016
2016-08-25,24.666669845581055
2016-08-26,24.522207260131836
2016-08-29,24.494686126708984
2016-08-30,24.30665397644043
2016-08-31,24.329593658447266
2016-09-01,24.474050521850586
2016-09-02,24.703367233276367
2016-09-06,24.69648551940918
2016-09-07,24.847822189331055
2016-09-08,24.196590423583984
2016-09-09,23.648542404174805
2016-09-12,24.17824935913086
2016-09-13,24.753808975219727
2016-09-14,25.6297664642334
2016-09-15,26.50113868713379
2016-09-16,26.352087020874023
2016-09-19,26.04481315612793
2016-09-20,26.042512893676758
2016-09-21,26.037933349609375
2016-09-22,26.283296585083008
2016-09-23,25.84532356262207
2016-09-26,25.884302139282227
2016-09-27,25.932451248168945
2016-09-28,26.129657745361328
2016-09-29,25.723785400390625
2016-09-30,25.92327880859375
2016-10-03,25.801748275756836
2016-10-04,25.911815643310547
2016-10-05,25.92327880859375
2016-10-06,26.11590576171875
2016-10-07,26.15488052368164
2016-10-10,26.611202239990234
2016-10-11,26.668537139892578
2016-10-12,26.907011032104492
2016-10-13,26.824464797973633
2016-10-14,26.97351837158203
2016-10-17,26.955163955688477
2016-10-18,26.936830520629883
2016-10-19,26.8565673828125
2016-10-20,26.842805862426758
2016-10-21,26.73732566833496
2016-10-24,26.97809600830078
2016-10-25,27.115684509277344
2016-10-26,26.50572395324707
2016-10-27,26.251192092895508
2016-10-28,26.076921463012695
2016-10-31,26.0356388092041
2016-11-01,25.5655574798584
2016-11-02,25.588491439819336
2016-11-03,25.31421661376953
2016-11-04,25.08603286743164
2016-11-07,25.447900772094727
2016-11-08,25.59771156311035
2016-11-09,25.55622673034668
2016-11-10,24.84402084350586
2016-11-11,24.991539001464844
2016-11-14,24.3646183013916
2016-11-15,24.687294006347656
2016-11-16,25.351089477539062
2016-11-17,25.34187126159668
2016-11-18,25.36722755432129
2016-11-21,25.752132415771484
2016-11-22,25.76827049255371
2016-11-23,25.63689422607422
2016-11-25,25.765968322753906
2016-11-28,25.715261459350586
2016-11-29,25.689903259277344
2016-11-30,25.473247528076172
2016-12-01,25.23584747314453
2016-12-02,25.33034896850586
2016-12-05,25.14826202392578
2016-12-06,25.34187126159668
2016-12-07,25.590803146362305
2016-12-08,25.84202766418457
2016-12-09,26.263816833496094
2016-12-12,26.113994598388672
2016-12-13,26.54961585998535
2016-12-14,26.54961585998535
2016-12-15,26.69482421875
2016-12-16,26.729398727416992
2016-12-19,26.883819580078125
2016-12-20,26.955259323120117
2016-12-21,26.980623245239258
2016-12-22,26.803152084350586
2016-12-23,26.856168746948242
2016-12-27,27.02672004699707
2016-12-28,26.911479949951172
2016-12-29,26.90456199645996
2016-12-30,26.69482421875
2017-01-03,26.77088737487793
2017-01-04,26.740921020507812
2017-01-05,26.876909255981445
2017-01-06,27.176536560058594
2017-01-09,27.425460815429688
2017-01-10,27.4531192779541
2017-01-11,27.600629806518555
2017-01-12,27.485383987426758
2017-01-13,27.43698501586914
2017-01-17,27.658254623413086
2017-01-18,27.655941009521484
2017-01-19,27.607540130615234
2017-01-20,27.658254623413086
2017-01-23,27.676687240600586
2017-01-24,27.651338577270508
2017-01-25,28.091567993164062
2017-01-26,28.105396270751953
2017-01-27,28.107698440551758
2017-01-30,28.033937454223633
2017-01-31,27.96941566467285
2017-02-01,29.674997329711914
2017-02-02,29.62429428100586
2017-02-03,29.751054763793945
2017-02-06,30.029945373535156
2017-02-07,30.315746307373047
2017-02-08,30.433298110961914
2017-02-09,30.653200149536133
2017-02-10,30.583763122558594
2017-02-13,30.85460090637207
2017-02-14,31.255062103271484
2017-02-15,31.36849594116211
2017-02-16,31.331457138061523
2017-02-17,31.417104721069336
2017-02-21,31.643953323364258
2017-02-22,31.738868713378906
2017-02-23,31.6046085357666
2017-02-24,31.63469886779785
2017-02-27,31.697206497192383
2017-02-28,31.71109390258789
2017-03-01,32.3592529296875
2017-03-02,32.1671142578125
2017-03-03,32.35693359375
2017-03-06,32.25508117675781
2017-03-07,32.296756744384766
2017-03-08,32.1763801574707
2017-03-09,32.10230255126953
2017-03-10,32.20877456665039
2017-03-13,32.2226676940918
2017-03-14,32.174068450927734
2017-03-15,32.51434326171875
2017-03-16,32.567596435546875
2017-03-17,32.405548095703125
2017-03-20,32.745826721191406
2017-03-21,32.370819091796875
2017-03-22,32.73656463623047
2017-03-23,32.62083053588867
2017-03-24,32.55601501464844
2017-03-27,32.611572265625
2017-03-28,33.287513732910156
2017-03-29,33.361576080322266
2017-03-30,33.31759262084961
2017-03-31,33.255088806152344
2017-04-03,33.26435470581055
2017-04-04,33.512046813964844
2017-04-05,33.33843994140625
2017-04-06,33.255088806152344
2017-04-07,33.1810302734375
2017-04-10,33.14167022705078
2017-04-11,32.78518295288086
2017-04-12,32.824546813964844
2017-04-13,32.650909423828125
2017-04-17,32.83147048950195
2017-04-18,32.685638427734375
2017-04-19,32.56527328491211
2017-04-20,32.972686767578125
2017-04-21,32.933326721191406
2017-04-24,33.250465393066406
2017-04-25,33.45648193359375
2017-04-26,33.25973129272461
2017-04-27,33.285194396972656
2017-04-28,33.25278091430664
2017-05-01,33.931034088134766
2017-05-02,34.146297454833984
2017-05-03,34.042137145996094
2017-05-04,33.91946792602539
2017-05-05,34.48196792602539
2017-05-08,35.41946792602539
2017-05-09,35.646324157714844
2017-05-10,35.47734451293945
2017-05-11,35.7841682434082
2017-05-12,36.283905029296875
2017-05-15,36.190940856933594
2017-05-16,36.13747787475586
2017-05-17,34.924137115478516
2017-05-18,35.45642852783203
2017-05-19,35.57729721069336
2017-05-22,35.79345703125
2017-05-23,35.749298095703125
2017-05-24,35.64236831665039
2017-05-25,35.76557159423828
2017-05-26,35.705142974853516
2017-05-30,35.719078063964844
2017-05-31,35.50756072998047
2017-06-01,35.60517883300781
2017-06-02,36.13283157348633
2017-06-05,35.77951431274414
2017-06-06,35.90038299560547
2017-06-07,36.114234924316406
2017-06-08,36.02589797973633
2017-06-09,34.62894821166992
2017-06-12,33.80145263671875
2017-06-13,34.073402404785156
2017-06-14,33.74100875854492
2017-06-15,33.53879928588867
2017-06-16,33.06926345825195
2017-06-19,34.01530075073242
2017-06-20,33.70613479614258
2017-06-21,33.90605163574219
2017-06-22,33.85026550292969
2017-06-23,34.0013427734375
2017-06-26,33.89443588256836
2017-06-27,33.408634185791016
2017-06-28,33.89674377441406
2017-06-29,33.397010803222656
2017-06-30,33.476051330566406
2017-07-03,33.35517120361328
2017-07-05,33.49230194091797
2017-07-06,33.176177978515625
2017-07-07,33.51323699951172
2017-07-10,33.717777252197266
2017-07-11,33.82701873779297
2017-07-12,33.87582778930664
2017-07-13,34.347686767578125
2017-07-14,34.64289093017578
2017-07-17,34.763755798339844
2017-07-18,34.884620666503906
2017-07-19,35.10312271118164
2017-07-20,34.945064544677734
2017-07-21,34.92878723144531
2017-07-24,35.351829528808594
2017-07-25,35.5029182434082
2017-07-26,35.6702766418457
2017-07-27,34.99620056152344
2017-07-28,34.74980926513672
2017-07-31,34.570831298828125
2017-08-01,34.87765121459961
2017-08-02,36.52564239501953
2017-08-03,36.16072082519531
2017-08-04,36.351322174072266
2017-08-07,36.91383743286133
2017-08-08,37.20903015136719
2017-08-09,37.436824798583984
2017-08-10,36.244380950927734
2017-08-11,36.74843215942383
2017-08-14,37.30147171020508
2017-08-15,37.7098388671875
2017-08-16,37.55815887451172
2017-08-17,36.83709716796875
2017-08-18,36.75309753417969
2017-08-21,36.68543243408203
2017-08-22,37.285133361816406
2017-08-23,37.331809997558594
2017-08-24,37.1661262512207
2017-08-25,37.30380630493164
2017-08-28,37.67950439453125
2017-08-29,38.01553726196289
2017-08-30,38.11820983886719
2017-08-31,38.2698974609375
2017-09-01,38.28156280517578
2017-09-05,37.82185745239258
2017-09-06,37.78218078613281
2017-09-07,37.63050079345703
2017-09-08,37.016788482666016
2017-09-11,37.6865119934082
2017-09-12,37.537166595458984
2017-09-13,37.254798889160156
2017-09-14,36.93510818481445
2017-09-15,37.30847930908203
2017-09-18,37.02611541748047
2017-09-19,37.04011154174805
2017-09-20,36.419395446777344
2017-09-21,35.79401397705078
2017-09-22,35.44398880004883
2017-09-25,35.131290435791016
2017-09-26,35.73567199707031
2017-09-27,35.990020751953125
2017-09-28,35.76835250854492
2017-09-29,35.9643669128418
2017-10-02,35.89202880859375
2017-10-03,36.048362731933594
2017-10-04,35.81501770019531
2017-10-05,36.26072311401367
2017-10-06,36.23971939086914
2017-10-09,36.3657341003418
2017-10-10,36.37972640991211
2017-10-11,36.53141784667969
2017-10-12,36.40306091308594
2017-10-13,36.634098052978516
2017-10-16,37.30847930908203
2017-10-17,37.4461555480957
2017-10-18,37.28046798706055
2017-10-19,36.398399353027344
2017-10-20,36.461402893066406
2017-10-23,36.44273376464844
2017-10-24,36.65975570678711
2017-10-25,36.49873733520508
2017-10-26,36.732093811035156
2017-10-27,38.04820251464844
2017-10-30,38.90459442138672
2017-10-31,39.44599151611328
2017-11-01,38.94427490234375
2017-11-02,39.228981018066406
2017-11-03,40.253387451171875
2017-11-06,40.66175079345703
2017-11-07,40.79242706298828
2017-11-08,41.12613296508789
2017-11-09,41.042118072509766
2017-11-10,40.90629959106445
2017-11-13,40.74235916137695
2017-11-14,40.126434326171875
2017-11-15,39.5971565246582
2017-11-16,40.070228576660156
2017-11-17,39.84775161743164
2017-11-20,39.80793762207031
2017-11-21,40.54798126220703
2017-11-22,40.97420120239258
2017-11-24,40.97654724121094
2017-11-27,40.770469665527344
2017-11-28,40.531585693359375
2017-11-29,39.69083786010742
2017-11-30,40.24587631225586
2017-12-01,40.05852127075195
2017-12-04,39.76577377319336
2017-12-05,39.72829818725586
2017-12-06,39.58076477050781
2017-12-07,39.65336608886719
2017-12-08,39.66506576538086
2017-12-11,40.437904357910156
2017-12-12,40.21073913574219
2017-12-13,40.34423065185547
2017-12-14,40.332515716552734
2017-12-15,40.74235916137695
2017-12-18,41.31613540649414
2017-12-19,40.87583541870117
2017-12-20,40.83134460449219
2017-12-21,40.98591232299805
2017-12-22,40.98591232299805
2017-12-26,39.94610595703125
2017-12-27,39.95314025878906
2017-12-28,40.0655403137207
2017-12-29,39.63228988647461
2018-01-02,40.34188461303711
2018-01-03,40.33486557006836
2018-01-04,40.522212982177734
2018-01-05,40.98358154296875
2018-01-08,40.83134460449219
2018-01-09,40.8266716003418
2018-01-10,40.81730270385742
2018-01-11,41.04914855957031
2018-01-12,41.47303009033203
2018-01-16,41.26226806640625
2018-01-17,41.94375228881836
2018-01-18,41.98123550415039
2018-01-19,41.79389190673828
2018-01-22,41.45196533203125
2018-01-23,41.46132278442383
2018-01-24,40.8009033203125
2018-01-25,40.072566986083984
2018-01-26,40.16624450683594
2018-01-29,39.334869384765625
2018-01-30,39.10301208496094
2018-01-31,39.21073532104492
2018-02-01,39.29270553588867
2018-02-02,37.58778762817383
2018-02-05,36.648681640625
2018-02-06,38.18030548095703
2018-02-07,37.36296463012695
2018-02-08,36.33485794067383
2018-02-09,36.77928924560547
2018-02-12,38.260719299316406
2018-02-13,38.644012451171875
2018-02-14,39.35649108886719
2018-02-15,40.67802810668945
2018-02-16,40.54634094238281
2018-02-20,40.409942626953125
2018-02-21,40.2265510559082
2018-02-22,40.56280517578125
2018-02-23,41.26823425292969
2018-02-26,42.084205627441406
2018-02-27,41.94781494140625
2018-02-28,41.884334564208984
2018-03-01,41.15067672729492
2018-03-02,41.435203552246094
2018-03-05,41.57863998413086
2018-03-06,41.54336166381836
2018-03-07,41.15773010253906
2018-03-08,41.60685348510742
2018-03-09,42.32170104980469
2018-03-12,42.7308464050293
2018-03-13,42.31935119628906
2018-03-14,41.95958709716797
2018-03-15,42.00895309448242
2018-03-16,41.860816955566406
2018-03-19,41.221214294433594
2018-03-20,41.20709991455078
2018-03-21,40.27356719970703
2018-03-22,39.70451354980469
2018-03-23,38.78508758544922
2018-03-26,40.62629318237305
2018-03-27,39.58458709716797
2018-03-28,39.147212982177734
2018-03-29,39.452919006347656
2018-04-02,39.194252014160156
2018-04-03,39.596343994140625
2018-04-04,40.353515625
2018-04-05,40.63335418701172
2018-04-06,39.593997955322266
2018-04-09,39.986690521240234
2018-04-10,40.73916244506836
2018-04-11,40.5486946105957
2018-04-12,40.94842529296875
2018-04-13,41.0871696472168
2018-04-16,41.34349822998047
2018-04-17,41.91254806518555
2018-04-18,41.818485260009766
2018-04-19,40.63335418701172
2018-04-20,38.96852111816406
2018-04-23,38.85563278198242
2018-04-24,38.31480026245117
2018-04-25,38.48176193237305
2018-04-26,38.61578369140625
2018-04-27,38.16901397705078
2018-04-30,38.86033248901367
2018-05-01,39.763301849365234
2018-05-02,41.51985549926758
2018-05-03,41.59510040283203
2018-05-04,43.22700119018555
2018-05-07,43.53976058959961
2018-05-08,43.74904251098633
2018-05-09,44.05708694458008
2018-05-10,44.6872673034668
2018-05-11,44.51731872558594
2018-05-14,44.4134635925293
2018-05-15,44.00981521606445
2018-05-16,44.420528411865234
2018-05-17,44.13962173461914
2018-05-18,43.97911071777344
2018-05-21,44.29071807861328
2018-05-22,44.17975616455078
2018-05-23,44.463035583496094
2018-05-24,44.4134635925293
2018-05-25,44.51496505737305
2018-05-29,44.35444259643555
2018-05-30,44.2600212097168
2018-05-31,44.11130142211914
2018-06-01,44.90680694580078
2018-06-04,45.282127380371094
2018-06-05,45.63148498535156
2018-06-06,45.78964614868164
2018-06-07,45.666900634765625
2018-06-08,45.251441955566406
2018-06-11,45.140506744384766
2018-06-12,45.38835906982422
2018-06-13,45.01538848876953
2018-06-14,45.03898620605469
2018-06-15,44.576332092285156
2018-06-18,44.552734375
2018-06-19,43.83275604248047
2018-06-20,44.023963928222656
2018-06-21,43.778465270996094
2018-06-22,43.650997161865234
2018-06-25,43.001853942871094
2018-06-26,43.53533935546875
2018-06-27,43.47159957885742
2018-06-28,43.787906646728516
2018-06-29,43.695858001708984
2018-07-02,44.184486389160156
2018-07-03,43.41495895385742
2018-07-05,43.76430130004883
2018-07-06,44.37096405029297
2018-07-09,44.987060546875
2018-07-10,44.93277359008789
2018-07-11,44.34972381591797
2018-07-12,45.09327697753906
2018-07-13,45.16411209106445
2018-07-16,45.0649528503418
2018-07-17,45.19242858886719
2018-07-18,44.9445686340332
2018-07-19,45.2939338684082
2018-07-20,45.19007110595703
2018-07-23,45.230201721191406
2018-07-24,45.55832290649414
2018-07-25,45.987918853759766
2018-07-26,45.843929290771484
2018-07-27,45.081485748291016
2018-07-30,44.82891082763672
2018-07-31,44.91860580444336
2018-08-01,47.56475830078125
2018-08-02,48.955116271972656
2018-08-03,49.09675979614258
2018-08-06,49.3516845703125
2018-08-07,48.88902282714844
2018-08-08,48.922080993652344
2018-08-09,49.30683135986328
2018-08-10,49.15998458862305
2018-08-13,49.47739791870117
2018-08-14,49.685855865478516
2018-08-15,49.80192565917969
2018-08-16,50.53152847290039
2018-08-17,51.54063415527344
2018-08-20,51.03844451904297
2018-08-21,50.93895721435547
2018-08-22,50.94131851196289
2018-08-23,51.04555892944336
2018-08-24,51.204261779785156
2018-08-27,51.62591552734375
2018-08-28,52.042823791503906
2018-08-29,52.819786071777344
2018-08-30,53.30540084838867
2018-08-31,53.92129135131836
2018-09-04,54.09422302246094
2018-09-05,53.74125289916992
2018-09-06,52.848209381103516
2018-09-07,52.421844482421875
2018-09-10,51.71829605102539
2018-09-11,53.025882720947266
2018-09-12,52.36736297607422
2018-09-13,53.632293701171875
2018-09-14,53.02350616455078
2018-09-17,51.61168670654297
2018-09-18,51.69697952270508
2018-09-19,51.72776794433594
2018-09-20,52.1209831237793
2018-09-21,51.55958938598633
2018-09-24,52.30101776123047
2018-09-25,52.63265609741211
2018-09-26,52.21337890625
2018-09-27,53.28645706176758
2018-09-28,53.47358703613281
2018-10-01,53.833641052246094
2018-10-02,54.312137603759766
2018-10-03,54.973045349121094
2018-10-04,54.006568908691406
2018-10-05,53.13010787963867
2018-10-08,53.006935119628906
2018-10-09,53.74125289916992
2018-10-10,51.25164031982422
2018-10-11,50.79918670654297
2018-10-12,52.61370849609375
2018-10-15,51.4885139465332
2018-10-16,52.623172760009766
2018-10-17,52.39578628540039
2018-10-18,51.17109680175781
2018-10-19,51.950443267822266
2018-10-22,52.26785659790039
2018-10-23,52.76057052612305
2018-10-24,50.9507942199707
2018-10-25,52.06651306152344
2018-10-26,51.2374153137207
2018-10-29,50.275699615478516
2018-10-30,50.52679443359375
2018-10-31,51.843841552734375
2018-11-01,52.6397590637207
2018-11-02,49.14812469482422
2018-11-05,47.752899169921875
2018-11-06,48.269309997558594
2018-11-07,49.73322677612305
2018-11-08,49.5597038269043
2018-11-09,48.60411071777344
2018-11-12,46.15573501586914
2018-11-13,45.6945686340332
2018-11-14,44.40380859375
2018-11-15,45.49965286254883
2018-11-16,46.00360107421875
2018-11-19,44.18037033081055
2018-11-20,42.069522857666016
2018-11-21,42.02198028564453
2018-11-23,40.954681396484375
2018-11-26,41.5085334777832
2018-11-27,41.41820526123047
2018-11-28,43.01084518432617
2018-11-29,42.68043899536133
2018-11-30,42.44987869262695
2018-12-03,43.93315124511719
2018-12-04,42.0005989074707
2018-12-06,41.53231430053711
2018-12-07,40.051395416259766
2018-12-10,40.315250396728516
2018-12-11,40.08467483520508
2018-12-12,40.196388244628906
2018-12-13,40.636138916015625
2018-12-14,39.33588409423828
2018-12-17,38.969818115234375
2018-12-18,39.47612762451172
2018-12-19,38.244808197021484
2018-12-20,37.27971649169922
2018-12-21,35.82969284057617
2018-12-24,34.90263748168945
2018-12-26,37.360530853271484
2018-12-27,37.118072509765625
2018-12-28,37.137088775634766
2018-12-31,37.496028900146484
2019-01-02,37.538822174072266
2019-01-03,33.799678802490234
2019-01-04,35.24256134033203
2019-01-07,35.16411209106445
2019-01-08,35.83445358276367
2019-01-09,36.44298553466797
2019-01-10,36.55945587158203
2019-01-11,36.20051574707031
2019-01-14,35.65617752075195
2019-01-15,36.38593292236328
2019-01-16,36.83045196533203
2019-01-17,37.049129486083984
2019-01-18,37.277347564697266
2019-01-22,36.44060516357422
2019-01-23,36.587974548339844
2019-01-24,36.29798889160156
2019-01-25,37.50078582763672
2019-01-28,37.15373992919922
2019-01-29,36.76863479614258
2019-01-30,39.28120422363281
2019-01-31,39.56407928466797
2019-02-01,39.583091735839844
2019-02-04,40.70746612548828
2019-02-05,41.403953552246094
2019-02-06,41.41820526123047
2019-02-07,40.6337776184082
2019-02-08,40.681514739990234
2019-02-11,40.44756317138672
2019-02-12,40.796112060546875
2019-02-13,40.62661361694336
2019-02-14,40.774620056152344
2019-02-15,40.68390655517578
2019-02-19,40.80564880371094
2019-02-20,41.06825637817383
2019-02-21,40.83669662475586
2019-02-22,41.29266357421875
2019-02-25,41.59346008300781
2019-02-26,41.61734390258789
2019-02-27,41.74623489379883
2019-02-28,41.335636138916016
2019-03-01,41.77011489868164
2019-03-04,41.98019790649414
2019-03-05,41.903804779052734
2019-03-06,41.66268539428711
2019-03-07,41.180450439453125
2019-03-08,41.27834701538086
2019-03-11,42.708316802978516
2019-03-12,43.188167572021484
2019-03-13,43.37914276123047
2019-03-14,43.861358642578125
2019-03-15,44.43192672729492
2019-03-18,44.88552474975586
2019-03-19,44.52980422973633
2019-03-20,44.91893768310547
2019-03-21,46.57331085205078
2019-03-22,45.60885238647461
2019-03-25,45.05739974975586
2019-03-26,44.59186935424805
2019-03-27,44.99293899536133
2019-03-28,45.05261993408203
2019-03-29,45.34624099731445
2019-04-01,45.654212951660156
2019-04-02,46.317867279052734
2019-04-03,46.6353759765625
2019-04-04,46.71654510498047
2019-04-05,47.029266357421875
2019-04-08,47.76932907104492
2019-04-09,47.626102447509766
2019-04-10,47.89345932006836
2019-04-11,47.49479675292969
2019-04-12,47.4757080078125
2019-04-15,47.561641693115234
2019-04-16,47.5664176940918
2019-04-17,48.49268341064453
2019-04-18,48.66694259643555
2019-04-22,48.82689666748047
2019-04-23,49.53114318847656
2019-04-24,49.454750061035156
2019-04-25,49.00593566894531
2019-04-26,48.77198791503906
2019-04-29,48.84599685668945
2019-04-30,47.90541076660156
2019-05-01,50.25687789916992
2019-05-02,49.92980194091797
2019-05-03,50.550506591796875
2019-05-06,49.76986312866211
2019-05-07,48.428226470947266
2019-05-08,48.4377555847168
2019-05-09,47.91734313964844
2019-05-10,47.25352096557617
2019-05-13,44.50717544555664
2019-05-14,45.21174621582031
2019-05-15,45.753326416015625
2019-05-16,45.55204391479492
2019-05-17,45.2932243347168
2019-05-20,43.876895904541016
2019-05-21,44.71805953979492
2019-05-22,43.802616119384766
2019-05-23,43.05491256713867
2019-05-24,42.88957214355469
2019-05-28,42.71221923828125
2019-05-29,42.50851821899414
2019-05-30,42.72898864746094
2019-05-31,41.9549446105957
2019-06-03,41.530757904052734
2019-06-04,43.05012512207031
2019-06-05,43.745094299316406
2019-06-06,44.38735580444336
2019-06-07,45.56880187988281
2019-06-10,46.151153564453125
2019-06-11,46.68556213378906
2019-06-12,46.53697967529297
2019-06-13,46.527400970458984
2019-06-14,46.18949890136719
2019-06-17,46.46508026123047
2019-06-18,47.55786895751953
2019-06-19,47.418888092041016
2019-06-20,47.79990768432617
2019-06-21,47.636962890625
2019-06-24,47.58903121948242
2019-06-25,46.86769104003906
2019-06-26,47.88140106201172
2019-06-27,47.86701965332031
2019-06-28,47.430870056152344
2019-07-01,48.30078125
2019-07-02,48.583560943603516
2019-07-03,48.986175537109375
2019-07-05,48.943031311035156
2019-07-08,47.934120178222656
2019-07-09,48.22648620605469
2019-07-10,48.7033805847168
2019-07-11,48.34870910644531
2019-07-12,48.720157623291016
2019-07-15,49.17787551879883
2019-07-16,49.00774002075195
2019-07-17,48.732147216796875
2019-07-18,49.28572463989258
2019-07-19,48.550018310546875
2019-07-22,49.659576416015625
2019-07-23,50.04780578613281
2019-07-24,50.00705337524414
2019-07-25,49.61165237426758
2019-07-26,49.7841911315918
2019-07-29,50.24911117553711
2019-07-30,50.03342056274414
2019-07-31,51.05432891845703
2019-08-01,49.94953918457031
2019-08-02,48.8927116394043
2019-08-05,46.33328628540039
2019-08-06,47.21038818359375
2019-08-07,47.69926071166992
2019-08-08,48.75130844116211
2019-08-09,48.349586486816406
2019-08-12,48.22689437866211
2019-08-13,50.26922607421875
2019-08-14,48.77295684814453
2019-08-15,48.53001403808594
2019-08-16,49.675048828125
2019-08-19,50.60120391845703
2019-08-20,50.60361099243164
2019-08-21,51.152069091796875
2019-08-22,51.1087760925293
2019-08-23,48.74650192260742
2019-08-26,49.67265319824219
2019-08-27,49.11215591430664
2019-08-28,49.441715240478516
2019-08-29,50.27885055541992
2019-08-30,50.21390914916992
2019-09-03,49.48260498046875
2019-09-04,50.3221435546875
2019-09-05,51.306026458740234
2019-09-06,51.30121994018555
2019-09-09,51.52012634277344
2019-09-10,52.12873458862305
2019-09-11,53.78617858886719
2019-09-12,53.66590118408203
2019-09-13,52.62187957763672
2019-09-16,52.89852523803711
2019-09-17,53.090965270996094
2019-09-18,53.58891677856445
2019-09-19,53.15351104736328
2019-09-20,52.37650680541992
2019-09-23,52.614662170410156
2019-09-24,52.36448287963867
2019-09-25,53.170345306396484
2019-09-26,52.896114349365234
2019-09-27,52.63871765136719
2019-09-30,53.877593994140625
2019-10-01,54.026737213134766
2019-10-02,52.67239761352539
2019-10-03,53.11983871459961
2019-10-04,54.60887908935547
2019-10-07,54.62090301513672
2019-10-08,53.98103332519531
2019-10-09,54.61368942260742
2019-10-10,55.349788665771484
2019-10-11,56.8220100402832
2019-10-14,56.74020767211914
2019-10-15,56.60791015625
2019-10-16,56.37937545776367
2019-10-17,56.598289489746094
2019-10-18,56.870121002197266
2019-10-21,57.85640335083008
2019-10-22,57.724098205566406
2019-10-23,58.49868392944336
2019-10-24,58.59492492675781
2019-10-25,59.31657409667969
2019-10-28,59.91075897216797
2019-10-29,58.52515411376953
2019-10-30,58.51793670654297
2019-10-31,59.84100341796875
2019-11-01,61.539337158203125
2019-11-04,61.94346618652344
2019-11-05,61.85445785522461
2019-11-06,61.880916595458984
2019-11-07,62.5951042175293
2019-11-08,62.76642608642578
2019-11-11,63.263450622558594
2019-11-12,63.20553970336914
2019-11-13,63.81114959716797
2019-11-14,63.369625091552734
2019-11-15,64.12240600585938
2019-11-18,64.44571685791016
2019-11-19,64.25028991699219
2019-11-20,63.5023307800293
2019-11-21,63.217620849609375
2019-11-22,63.16211700439453
2019-11-25,64.26957702636719
2019-11-26,63.767738342285156
2019-11-27,64.62425994873047
2019-11-29,64.48191833496094
2019-12-02,63.73636245727539
2019-12-03,62.599945068359375
2019-12-04,63.15244674682617
2019-12-05,64.0790023803711
2019-12-06,65.3167495727539
2019-12-09,64.40229797363281
2019-12-10,64.77869415283203
2019-12-11,65.33121490478516
2019-12-12,65.49768829345703
2019-12-13,66.38801574707031
2019-12-16,67.52445220947266
2019-12-17,67.65716552734375
2019-12-18,67.4955062866211
2019-12-19,67.56306457519531
2019-12-20,67.42311096191406
2019-12-23,68.52333068847656
2019-12-24,68.58848571777344
2019-12-26,69.94929504394531
2019-12-27,69.92276763916016
2019-12-30,70.33777618408203
2019-12-31,70.85169982910156
2020-01-02,72.46826934814453
2020-01-03,71.76372528076172
2020-01-06,72.33555603027344
2020-01-07,71.9953384399414
2020-01-08,73.15348815917969
2020-01-09,74.70734405517578
2020-01-10,74.87621307373047
2020-01-13,76.47591400146484
2020-01-14,75.44325256347656
2020-01-15,75.11991119384766
2020-01-16,76.06089782714844
2020-01-17,76.90299224853516
2020-01-21,76.38182067871094
2020-01-22,76.65447235107422
2020-01-23,77.02361297607422
2020-01-24,76.80162048339844
2020-01-27,74.54326629638672
2020-01-28,76.65204620361328
2020-01-29,78.25655364990234
2020-01-30,78.14315032958984
2020-01-31,74.67837524414062
2020-02-03,74.47330474853516
2020-02-04,76.93193817138672
2020-02-05,77.55927276611328
2020-02-06,78.4664535522461
2020-02-07,77.39989471435547
2020-02-10,77.76750183105469
2020-02-11,77.29832458496094
2020-02-12,79.13397979736328
2020-02-13,78.57046508789062
2020-02-14,78.58980560302734
2020-02-18,77.1507797241211
2020-02-19,78.26815032958984
2020-02-20,77.46519470214844
2020-02-21,75.71175384521484
2020-02-24,72.11541748046875
2020-02-25,69.6727066040039
2020-02-26,70.77798461914062
2020-02-27,66.15135192871094
2020-02-28,66.11266326904297
2020-03-02,72.2677993774414
2020-03-03,69.97261810302734
2020-03-04,73.2182846069336
2020-03-05,70.84326934814453
2020-03-06,69.90248107910156
2020-03-09,64.37374114990234
2020-03-10,69.01004791259766
2020-03-11,66.61328125
2020-03-12,60.03492736816406
2020-03-13,67.22759246826172
2020-03-16,58.5789794921875
2020-03-17,61.15469741821289
2020-03-18,59.65762710571289
2020-03-19,59.200531005859375
2020-03-20,55.44215774536133
2020-03-23,54.26433563232422
2020-03-24,59.70842742919922
2020-03-25,59.379512786865234
2020-03-26,62.50422668457031
2020-03-27,59.916419982910156
2020-03-30,61.62630844116211
2020-03-31,61.50054168701172
2020-04-01,58.264564514160156
2020-04-02,59.23681640625
2020-04-03,58.3854866027832
2020-04-06,63.478904724121094
2020-04-07,62.743648529052734
2020-04-08,64.34957885742188
2020-04-09,64.81392669677734
2020-04-13,66.0860595703125
2020-04-14,69.4236068725586
2020-04-15,68.78996276855469
2020-04-16,69.33654022216797
2020-04-17,68.395751953125
2020-04-20,66.97608947753906
2020-04-21,64.90583038330078
2020-04-22,66.77532958984375
2020-04-23,66.51656341552734
2020-04-24,68.4368667602539
2020-04-27,68.4852523803711
2020-04-28,67.3751449584961
2020-04-29,69.58808898925781
2020-04-30,71.05612182617188
2020-05-01,69.91214752197266
2020-05-04,70.9013442993164
2020-05-05,71.96546936035156
2020-05-06,72.70797729492188
2020-05-07,73.4601058959961
2020-05-08,75.20861053466797
2020-05-11,76.39203643798828
2020-05-12,75.51901245117188
2020-05-13,74.60719299316406
2020-05-14,75.06551361083984
2020-05-15,74.62174224853516
2020-05-18,76.37989807128906
2020-05-19,75.93856048583984
2020-05-20,77.41542053222656
2020-05-21,76.8382568359375
2020-05-22,77.33296966552734
2020-05-26,76.80915069580078
2020-05-27,77.14379119873047
2020-05-28,77.17774963378906
2020-05-29,77.10257720947266
2020-06-01,78.05078125
2020-06-02,78.41210174560547
2020-06-03,78.84376525878906
2020-06-04,78.16474914550781
2020-06-05,80.3909683227539
2020-06-08,80.86629486083984
2020-06-09,83.41987609863281
2020-06-10,85.56607055664062
2020-06-11,81.45802307128906
2020-06-12,82.1612777709961
2020-06-15,83.1773681640625
2020-06-16,85.38175964355469
2020-06-17,85.26293182373047
2020-06-18,85.29688262939453
2020-06-19,84.8094482421875
2020-06-22,87.02838897705078
2020-06-23,88.885986328125
2020-06-24,87.31695556640625
2020-06-25,88.47613525390625
2020-06-26,85.75763702392578
2020-06-29,87.73405456542969
2020-06-30,88.4664306640625
2020-07-01,88.29912567138672
2020-07-02,88.29912567138672
2020-07-06,90.66114044189453
2020-07-07,90.37983703613281
2020-07-08,92.48477172851562
2020-07-09,92.88249969482422
2020-07-10,93.04496765136719
2020-07-13,92.6157455444336
2020-07-14,94.14837646484375
2020-07-15,94.7958755493164
2020-07-16,93.62940979003906
2020-07-17,93.44027709960938
2020-07-20,95.40939331054688
2020-07-21,94.09259796142578
2020-07-22,94.3569107055664
2020-07-23,90.06214904785156
2020-07-24,89.83902740478516
2020-07-27,91.9682388305664
2020-07-28,90.4574203491211
2020-07-29,92.19136810302734
2020-07-30,93.30686950683594
2020-07-31,103.07504272460938
2020-08-03,105.67229461669922
2020-08-04,106.37800598144531
2020-08-05,106.7635726928711
2020-08-06,110.48844909667969
2020-08-07,107.97643280029297
2020-08-10,109.54586791992188
2020-08-11,106.28797912597656
2020-08-12,109.82037353515625
2020-08-13,111.76393127441406
2020-08-14,111.66432189941406
2020-08-17,111.3727798461914
2020-08-18,112.30084228515625
2020-08-19,112.44173431396484
2020-08-20,114.93679809570312
2020-08-21,120.85974884033203
2020-08-24,122.30525970458984
2020-08-25,121.30191802978516
2020-08-26,122.95150756835938
2020-08-27,121.48168182373047
2020-08-28,121.28489685058594
2020-08-31,125.39791870117188
2020-09-01,130.3928680419922
2020-09-02,127.69133758544922
2020-09-03,117.46823120117188
2020-09-04,117.54598236083984
2020-09-08,109.63572692871094
2020-09-09,114.00871276855469
2020-09-10,110.28681945800781
2020-09-11,108.83888244628906
2020-09-14,112.10404968261719
2020-09-15,112.27897644042969
2020-09-16,108.96521759033203
2020-09-17,107.22574615478516
2020-09-18,103.82453155517578
2020-09-21,106.97306823730469
2020-09-22,108.65424346923828
2020-09-23,104.09663391113281
2020-09-24,105.16556549072266
2020-09-25,109.11097717285156
2020-09-28,111.71533966064453
2020-09-29,110.86991119384766
2020-09-30,112.54133605957031
2020-10-01,113.49369049072266
2020-10-02,109.8301010131836
2020-10-05,113.21187591552734
2020-10-06,109.96615600585938
2020-10-07,111.83195495605469
2020-10-08,111.72505950927734
2020-10-09,113.66861724853516
2020-10-12,120.88890838623047
2020-10-13,117.68204498291016
2020-10-14,117.76950073242188
2020-10-15,117.30303955078125
2020-10-16,115.6607437133789
2020-10-19,112.70654296875
2020-10-20,114.19337463378906
2020-10-21,113.57144165039062
2020-10-22,112.48304748535156
2020-10-23,111.79308319091797
2020-10-26,111.80279541015625
2020-10-27,113.3090591430664
2020-10-28,108.06144714355469
2020-10-29,112.06520080566406
2020-10-30,105.78750610351562
2020-11-02,105.70002746582031
2020-11-03,107.32291412353516
2020-11-04,111.70562744140625
2020-11-05,115.67045593261719
2020-11-06,115.53907012939453
2020-11-09,113.23197937011719
2020-11-10,112.8912582397461
2020-11-11,116.31781005859375
2020-11-12,116.04525756835938
2020-11-13,116.09392547607422
2020-11-16,117.10628509521484
2020-11-17,116.22047424316406
2020-11-18,114.8965835571289
2020-11-19,115.49039459228516
2020-11-20,114.22490692138672
2020-11-23,110.8275375366211
2020-11-24,112.11248016357422
2020-11-25,112.94966888427734
2020-11-27,113.49481201171875
2020-11-30,115.88949584960938
2020-12-01,119.46206665039062
2020-12-02,119.81251525878906
2020-12-03,119.67622375488281
2020-12-04,119.00454711914062
2020-12-07,120.46470642089844
2020-12-08,121.07797241210938
2020-12-09,118.54702758789062
2020-12-10,119.96826934814453
2020-12-11,119.16028594970703
2020-12-14,118.54702758789062
2020-12-15,124.4850845336914
2020-12-16,124.41693115234375
2020-12-17,125.28333282470703
2020-12-18,123.29747772216797
2020-12-21,124.82576751708984
2020-12-22,128.37890625
2020-12-23,127.48332214355469
2020-12-24,128.46649169921875
2020-12-28,133.0612335205078
2020-12-29,131.2895050048828
2020-12-30,130.17005920410156
2020-12-31,129.1673583984375
2021-01-04,125.97444915771484
2021-01-05,127.5320053100586
2021-01-06,123.23906707763672
2021-01-07,127.44440460205078
2021-01-08,128.54437255859375
2021-01-11,125.55587005615234
2021-01-12,125.38065338134766
2021-01-13,127.4151840209961
2021-01-14,125.48774719238281
2021-01-15,123.76472473144531
2021-01-19,124.4364013671875
2021-01-20,128.52488708496094
2021-01-21,133.23641967773438
2021-01-22,135.37799072265625
2021-01-25,139.12574768066406
2021-01-26,139.3594207763672
2021-01-27,138.28866577148438
2021-01-28,133.4505615234375
2021-01-29,128.45677185058594
2021-02-01,130.5789031982422
2021-02-02,131.40634155273438
2021-02-03,130.38417053222656
2021-02-04,133.74261474609375
2021-02-05,133.32827758789062
2021-02-08,133.47450256347656
2021-02-09,132.5970458984375
2021-02-10,131.99267578125
2021-02-11,131.73916625976562
2021-02-12,131.97312927246094
2021-02-16,129.84786987304688
2021-02-17,127.55680847167969
2021-02-18,126.4552001953125
2021-02-19,126.61116027832031
2021-02-22,122.8382797241211
2021-02-23,122.70178985595703
2021-02-24,122.20459747314453
2021-02-25,117.95398712158203
2021-02-26,118.21721649169922
2021-03-01,124.58335876464844
2021-03-02,121.98035430908203
2021-03-03,118.99714660644531
2021-03-04,117.1155776977539
2021-03-05,118.37318420410156
2021-03-08,113.4401626586914
2021-03-09,118.0514907836914
2021-03-10,116.9693374633789
2021-03-11,118.89964294433594
2021-03-12,117.99298858642578
2021-03-15,120.87871551513672
2021-03-16,122.41907501220703
2021-03-17,121.62940216064453
2021-03-18,117.50554656982422
2021-03-19,116.97908782958984
2021-03-22,120.29375457763672
2021-03-23,119.46508026123047
2021-03-24,117.0765609741211
2021-03-25,117.56402587890625
2021-03-26,118.16845703125
2021-03-29,118.34394073486328
2021-03-30,116.891357421875
2021-03-31,119.08489227294922
2021-04-01,119.91355895996094
2021-04-05,122.74078369140625
2021-04-06,123.04300689697266
2021-04-07,124.69060516357422
2021-04-08,127.08885955810547
2021-04-09,129.66261291503906
2021-04-12,127.94679260253906
2021-04-13,131.0567626953125
2021-04-14,128.71694946289062
2021-04-15,131.12503051757812
2021-04-16,130.79351806640625
2021-04-19,131.4564666748047
2021-04-20,129.7698516845703
2021-04-21,130.1500701904297
2021-04-22,128.6292266845703
2021-04-23,130.9495086669922
2021-04-26,131.3394317626953
2021-04-27,131.01773071289062
2021-04-28,130.22805786132812
2021-04-29,130.13059997558594
2021-04-30,128.1612548828125
2021-05-03,129.21412658691406
2021-05-04,124.64186096191406
2021-05-05,124.88558959960938
2021-05-06,126.48441314697266
2021-05-07,127.15827178955078
2021-05-10,123.87699890136719
2021-05-11,122.95904541015625
2021-05-12,119.89261627197266
2021-05-13,122.04105377197266
2021-05-14,124.46292877197266
2021-05-17,123.31058502197266
2021-05-18,121.92387390136719
2021-05-19,121.76763153076172
2021-05-20,124.32620239257812
2021-05-21,122.49028778076172
2021-05-24,124.12114715576172
2021-05-25,123.92581939697266
2021-05-26,123.87699890136719
2021-05-27,122.34381103515625
2021-05-28,121.68951416015625
2021-06-01,121.36721801757812
2021-06-02,122.12895965576172
2021-06-03,120.64456176757812
2021-06-04,122.93950653076172
2021-06-07,122.94926452636719
2021-06-08,123.76957702636719
2021-06-09,124.15042877197266
2021-06-10,123.15433502197266
2021-06-11,124.36528015136719
2021-06-14,127.42191314697266
2021-06-15,126.60159301757812
2021-06-16,127.09965515136719
2021-06-17,128.70120239257812
2021-06-18,127.40239715576172
2021-06-21,129.1992645263672
2021-06-22,130.83987426757812
2021-06-23,130.56646728515625
2021-06-24,130.2832489013672
2021-06-25,129.9902801513672
2021-06-28,131.6211700439453
2021-06-29,133.1348114013672
2021-06-30,133.7500457763672
2021-07-01,134.05279541015625
2021-07-02,136.67977905273438
2021-07-06,138.6914825439453
2021-07-07,141.1817169189453
2021-07-08,139.88290405273438
2021-07-09,141.70904541015625
2021-07-12,141.11334228515625
2021-07-13,142.22662353515625
2021-07-14,145.65435791015625
2021-07-15,145.0000762939453
2021-07-16,142.95904541015625
2021-07-19,139.1113739013672
2021-07-20,142.7246856689453
2021-07-21,141.99221801757812
2021-07-22,143.35946655273438
2021-07-23,145.07818603515625
2021-07-26,145.49810791015625
2021-07-27,143.33013916015625
2021-07-28,141.58206176757812
2021-07-29,142.22662353515625
2021-07-30,142.4414520263672
2021-08-02,142.1094207763672
2021-08-03,143.90631103515625
2021-08-04,143.5059356689453
2021-08-05,143.61334228515625
2021-08-06,142.92868041992188
2021-08-09,142.8798065185547
2021-08-10,142.4005889892578
2021-08-11,142.65487670898438
2021-08-12,145.61830139160156
2021-08-13,145.8236846923828
2021-08-16,147.79928588867188
2021-08-17,146.88973999023438
2021-08-18,143.14390563964844
2021-08-19,143.47642517089844
2021-08-20,144.93370056152344
2021-08-23,146.42027282714844
2021-08-24,146.33224487304688
2021-08-25,145.09996032714844
2021-08-26,144.2979736328125
2021-08-27,145.33465576171875
2021-08-30,149.75535583496094
2021-08-31,148.49371337890625
2021-09-01,149.15872192382812
2021-09-02,150.27369689941406
2021-09-03,150.90940856933594
2021-09-07,153.24688720703125
2021-09-08,151.70162963867188
2021-09-09,150.68447875976562
2021-09-10,145.69656372070312
2021-09-13,146.26382446289062
2021-09-14,144.86521911621094
2021-09-15,145.75523376464844
2021-09-16,145.5205078125
2021-09-17,142.8504638671875
2021-09-20,139.79905700683594
2021-09-21,140.27828979492188
2021-09-22,142.6450958251953
2021-09-23,143.60354614257812
2021-09-24,143.69155883789062
2021-09-27,142.1756134033203
2021-09-28,138.79165649414062
2021-09-29,139.6914520263672
2021-09-30,138.39068603515625
2021-10-01,139.5154266357422
2021-10-04,136.08253479003906
2021-10-05,138.00926208496094
2021-10-06,138.8796844482422
2021-10-07,140.141357421875
2021-10-08,139.7599334716797
2021-10-11,139.67189025878906
2021-10-12,138.40045166015625
2021-10-13,137.81365966796875
2021-10-14,140.60105895996094
2021-10-15,141.65725708007812
2021-10-18,143.32974243164062
2021-10-19,145.49114990234375
2021-10-20,145.9801788330078
2021-10-21,146.19534301757812
2021-10-22,145.42269897460938
2021-10-25,145.37376403808594
2021-10-26,146.038818359375
2021-10-27,145.57919311523438
2021-10-28,149.21743774414062
2021-10-29,146.50830078125
2021-11-01,145.68678283691406
2021-11-02,146.7234649658203
2021-11-03,148.1611785888672
2021-11-04,147.642822265625
2021-11-05,148.17172241210938
2021-11-08,147.34896850585938
2021-11-09,147.71136474609375
2021-11-10,144.8807373046875
2021-11-11,144.831787109375
2021-11-12,146.908203125
2021-11-15,146.91799926757812
2021-11-16,147.89744567871094
2021-11-17,150.3363037109375
2021-11-18,154.62632751464844
2021-11-19,157.25128173828125
2021-11-22,157.71156311035156
2021-11-23,158.0935516357422
2021-11-24,158.61270141601562
2021-11-26,153.5880889892578
2021-11-29,156.94764709472656
2021-11-30,161.90365600585938
2021-12-01,161.3845672607422
2021-12-02,160.39529418945312
2021-12-03,158.5147705078125
2021-12-06,161.92324829101562
2021-12-07,167.66282653808594
2021-12-08,171.4827117919922
2021-12-09,170.973388671875
2021-12-10,175.762939453125
2021-12-13,172.12916564941406
2021-12-14,170.74813842773438
2021-12-15,175.61599731445312
2021-12-16,168.7206268310547
2021-12-17,167.62364196777344
2021-12-20,166.26222229003906
2021-12-21,169.4356689453125
2021-12-22,172.03118896484375
2021-12-23,172.65806579589844
2021-12-27,176.62484741210938
2021-12-28,175.60621643066406
2021-12-29,175.6943359375
2021-12-30,174.5386199951172
2021-12-31,173.9215545654297
2022-01-03,178.27029418945312
2022-01-04,176.00778198242188
2022-01-05,171.3260040283203
2022-01-06,168.46597290039062
2022-01-07,168.6324920654297
2022-01-10,168.652099609375
2022-01-11,171.4827117919922
2022-01-12,171.9234619140625
2022-01-13,168.652099609375
2022-01-14,169.51406860351562
2022-01-18,166.31118774414062
2022-01-19,162.8145751953125
2022-01-20,161.12985229492188
2022-01-21,159.07305908203125
2022-01-24,158.29925537109375
2022-01-25,156.49705505371094
2022-01-26,156.408935546875
2022-01-27,155.94859313964844
2022-01-28,166.830322265625
2022-01-31,171.18890380859375
2022-02-01,171.02236938476562
2022-02-02,172.22705078125
2022-02-03,169.34751892089844
2022-02-04,169.06309509277344
2022-02-07,168.34718322753906
2022-02-08,171.4560089111328
2022-02-09,172.87803649902344
2022-02-10,168.79830932617188
2022-02-11,165.38546752929688
2022-02-14,165.62081909179688
2022-02-15,169.45535278320312
2022-02-16,169.22000122070312
2022-02-17,165.62081909179688
2022-02-18,164.07131958007812
2022-02-22,161.14883422851562
2022-02-23,156.9808349609375
2022-02-24,159.59934997558594
2022-02-25,161.66860961914062
2022-02-28,161.9333953857422
2022-03-01,160.0504608154297
2022-03-02,163.3456268310547
2022-03-03,163.02198791503906
2022-03-04,160.0210418701172
2022-03-07,156.22572326660156
2022-03-08,154.40162658691406
2022-03-09,159.8052978515625
2022-03-10,155.46078491210938
2022-03-11,151.74392700195312
2022-03-14,147.71322631835938
2022-03-15,152.09698486328125
2022-03-16,156.5101318359375
2022-03-17,157.520263671875
2022-03-18,160.81539916992188
2022-03-21,162.18838500976562
2022-03-22,165.56201171875
2022-03-23,166.92518615722656
2022-03-24,170.71067810058594
2022-03-25,171.34811401367188
2022-03-28,172.21115112304688
2022-03-29,175.50631713867188
2022-03-30,174.33924865722656
2022-03-31,171.240234375
2022-04-01,170.946044921875
2022-04-04,174.99636840820312
2022-04-05,171.6815948486328
2022-04-06,168.51390075683594
2022-04-07,168.8179168701172
2022-04-08,166.80746459960938
2022-04-11,162.55123901367188
2022-04-12,164.42437744140625
2022-04-13,167.1114959716797
2022-04-14,162.10011291503906
2022-04-18,161.88436889648438
2022-04-19,164.1693878173828
2022-04-20,164.00267028808594
2022-04-21,163.2083282470703
2022-04-22,158.6676483154297
2022-04-25,159.73663330078125
2022-04-26,153.77398681640625
2022-04-27,153.54840087890625
2022-04-28,160.4819793701172
2022-04-29,154.60755920410156
2022-05-02,154.9115753173828
2022-05-03,156.40225219726562
2022-05-04,162.81602478027344
2022-05-05,153.74453735351562
2022-05-06,154.47132873535156
2022-05-09,149.3445281982422
2022-05-10,151.7508087158203
2022-05-11,143.88381958007812
2022-05-12,140.01414489746094
2022-05-13,144.48294067382812
2022-05-16,142.9409637451172
2022-05-17,146.57493591308594
2022-05-18,138.30528259277344
2022-05-19,134.89723205566406
2022-05-20,135.1329345703125
2022-05-23,140.55441284179688
2022-05-24,137.85348510742188
2022-05-25,138.0106201171875
2022-05-26,141.21240234375
2022-05-27,146.96775817871094
2022-05-31,146.18206787109375
2022-06-01,146.05438232421875
2022-06-02,148.50973510742188
2022-06-03,142.78384399414062
2022-06-06,143.53025817871094
2022-06-07,146.05438232421875
2022-06-08,145.31777954101562
2022-06-09,140.09274291992188
2022-06-10,134.68116760253906
2022-06-13,129.52493286132812
2022-06-14,130.3892059326172
2022-06-15,133.01153564453125
2022-06-16,127.73741912841797
2022-06-17,129.2106475830078
2022-06-21,133.4436492919922
2022-06-22,132.9329833984375
2022-06-23,135.8008270263672
2022-06-24,139.1302490234375
2022-06-27,139.1302490234375
2022-06-28,134.98562622070312
2022-06-29,136.74363708496094
2022-06-30,134.2784881591797
2022-07-01,136.4490203857422
2022-07-05,139.0320587158203
2022-07-06,140.36776733398438
2022-07-07,143.73651123046875
2022-07-08,144.41416931152344
2022-07-11,142.28294372558594
2022-07-12,143.2552490234375
2022-07-13,142.89187622070312
2022-07-14,145.8186798095703
2022-07-15,147.48828125
2022-07-18,144.44366455078125
2022-07-19,148.30348205566406
2022-07-20,150.3070526123047
2022-07-21,152.5758056640625
2022-07-22,151.33828735351562
2022-07-25,150.21864318847656
2022-07-26,148.89276123046875
2022-07-27,153.99008178710938
2022-07-28,154.54005432128906
2022-07-29,159.60791015625
2022-08-01,158.62579345703125
2022-08-02,157.152587890625
2022-08-03,163.1632843017578
2022-08-04,162.84901428222656
2022-08-05,162.622802734375
2022-08-08,162.15069580078125
2022-08-09,162.19989013671875
2022-08-10,166.44862365722656
2022-08-11,165.71102905273438
2022-08-12,169.26144409179688
2022-08-15,170.33346557617188
2022-08-16,170.1761474609375
2022-08-17,171.67105102539062
2022-08-18,171.27764892578125
2022-08-19,168.6910400390625
2022-08-22,164.80618286132812
2022-08-23,164.47177124023438
2022-08-24,164.766845703125
2022-08-25,167.22561645507812
2022-08-26,160.92132568359375
2022-08-29,158.71827697753906
2022-08-30,156.28903198242188
2022-08-31,154.62686157226562
2022-09-01,155.35467529296875
2022-09-02,153.24014282226562
2022-09-06,151.9812469482422
2022-09-07,153.3876495361328
2022-09-08,151.9123992919922
2022-09-09,154.7744140625
2022-09-12,160.73448181152344
2022-09-13,151.30264282226562
2022-09-14,152.7483673095703
2022-09-15,149.8568572998047
2022-09-16,148.2144317626953
2022-09-19,151.9320831298828
2022-09-20,154.31214904785156
2022-09-21,151.18463134765625
2022-09-22,150.22076416015625
2022-09-23,147.94888305664062
2022-09-26,148.28329467773438
2022-09-27,149.25692749023438
2022-09-28,147.36859130859375
2022-09-29,140.12998962402344
2022-09-30,135.92062377929688
2022-10-03,140.10047912597656
2022-10-04,143.69027709960938
2022-10-05,143.9853515625
2022-10-06,143.03135681152344
2022-10-07,137.77943420410156
2022-10-10,138.10398864746094
2022-10-11,136.6876983642578
2022-10-12,136.05828857421875
2022-10-13,140.631591796875
2022-10-14,136.09762573242188
2022-10-17,140.06112670898438
2022-10-18,141.3790740966797
2022-10-19,141.48724365234375
2022-10-20,141.02500915527344
2022-10-21,144.84100341796875
2022-10-24,146.9850311279297
2022-10-25,149.827392578125
2022-10-26,146.88670349121094
2022-10-27,142.4117431640625
2022-10-28,153.17127990722656
2022-10-31,150.81089782714844
2022-11-01,148.1652069091797
2022-11-02,142.637939453125
2022-11-03,136.58937072753906
2022-11-04,136.3234100341797
2022-11-07,136.85536193847656
2022-11-08,137.4267578125
2022-11-09,132.86553955078125
2022-11-10,144.6872100830078
2022-11-11,147.47515869140625
2022-11-14,146.07626342773438
2022-11-15,147.8101043701172
2022-11-16,146.5786590576172
2022-11-17,148.47998046875
2022-11-18,149.04151916503906
2022-11-21,145.81028747558594
2022-11-22,147.94801330566406
2022-11-23,148.8247528076172
2022-11-25,145.90879821777344
2022-11-28,142.0766143798828
2022-11-29,139.0718994140625
2022-11-30,145.82997131347656
2022-12-01,146.10580444335938
2022-12-02,145.6132354736328
2022-12-05,144.4507598876953
2022-12-06,140.7860565185547
2022-12-07,138.84535217285156
2022-12-08,140.5299530029297
2022-12-09,140.0471954345703
2022-12-12,142.34259033203125
2022-12-13,143.3080291748047
2022-12-14,141.08160400390625
2022-12-15,134.47132873535156
2022-12-16,132.5109100341797
2022-12-19,130.4027099609375
2022-12-20,130.333740234375
2022-12-21,133.43692016601562
2022-12-22,130.26475524902344
2022-12-23,129.90029907226562
2022-12-27,128.0974884033203
2022-12-28,124.16678619384766
2022-12-29,127.6837387084961
2022-12-30,127.99897003173828
2023-01-03,123.21121215820312
2023-01-04,124.4820327758789
2023-01-05,123.16193389892578
2023-01-06,127.69356536865234
2023-01-09,128.21571350097656
2023-01-10,128.78707885742188
2023-01-11,131.50607299804688
2023-01-12,131.42726135253906
2023-01-13,132.7572021484375
2023-01-17,133.91966247558594
2023-01-18,133.20050048828125
2023-01-19,133.25961303710938
2023-01-20,135.8209686279297
2023-01-23,139.01283264160156
2023-01-24,140.41171264648438
2023-01-25,139.7516632080078
2023-01-26,141.82046508789062
2023-01-27,143.76119995117188
2023-01-30,140.874755859375
2023-01-31,142.14556884765625
2023-02-01,143.26861572265625
2023-02-02,148.5784912109375
2023-02-03,152.2038116455078
2023-02-06,149.47496032714844
2023-02-07,152.3516082763672
2023-02-08,149.66217041015625
2023-02-09,148.6277618408203
2023-02-10,148.99281311035156
2023-02-13,151.79489135742188
2023-02-14,151.153564453125
2023-02-15,153.255126953125
2023-02-16,151.65675354003906
2023-02-17,150.5122833251953
2023-02-21,146.49661254882812
2023-02-22,146.92086791992188
2023-02-23,147.40432739257812
2023-02-24,144.75025939941406
2023-02-27,145.94407653808594
2023-02-28,145.44093322753906
2023-03-01,143.3689727783203
2023-03-02,143.96095275878906
2023-03-03,149.01255798339844
2023-03-06,151.775146484375
2023-03-07,149.574951171875
2023-03-08,150.82797241210938
2023-03-09,148.5784149169922
2023-03-10,146.51637268066406
2023-03-13,148.4600372314453
2023-03-14,150.55169677734375
2023-03-15,150.9463653564453
2023-03-16,153.7681884765625
2023-03-17,152.9295196533203
2023-03-20,155.29745483398438
2023-03-21,157.15235900878906
2023-03-22,155.72174072265625
2023-03-23,156.80703735351562
2023-03-24,158.10940551757812
2023-03-27,156.1657257080078
2023-03-28,155.54412841796875
2023-03-29,158.62246704101562
2023-03-30,160.19122314453125
2023-03-31,162.69729614257812
2023-04-03,163.95033264160156
2023-04-04,163.4175567626953
2023-04-05,161.572509765625
2023-04-06,162.46051025390625
2023-04-10,159.86561584472656
2023-04-11,158.6520538330078
2023-04-12,157.96141052246094
2023-04-13,163.3484649658203
2023-04-14,163.00314331054688
2023-04-17,163.02288818359375
2023-04-18,164.24630737304688
2023-04-19,165.3908233642578
2023-04-20,164.4239044189453
2023-04-21,162.81568908691406
2023-04-24,163.12155151367188
2023-04-25,161.58238220214844
2023-04-26,161.572509765625
2023-04-27,166.16041564941406
2023-04-28,167.4134063720703
2023-05-01,167.3246307373047
2023-05-02,166.2886505126953
2023-05-03,165.2132110595703
2023-05-04,163.57540893554688
2023-05-05,171.25146484375
2023-05-08,171.18238830566406
2023-05-09,169.4755096435547
2023-05-10,171.24160766601562
2023-05-11,171.42904663085938
2023-05-12,170.50035095214844
2023-05-15,170.00634765625
2023-05-16,170.00634765625
2023-05-17,170.61891174316406
2023-05-18,172.95057678222656
2023-05-19,173.05929565429688
2023-05-22,172.11077880859375
2023-05-23,169.50244140625
2023-05-24,169.77908325195312
2023-05-25,170.91531372070312
2023-05-26,173.32603454589844
2023-05-30,175.17361450195312
2023-05-31,175.12420654296875
2023-06-01,177.93014526367188
2023-06-02,178.77981567382812
2023-06-05,177.42628479003906
2023-06-06,177.0607147216797
2023-06-07,175.6873779296875
2023-06-08,178.40440368652344
2023-06-09,178.78973388671875
2023-06-12,181.5857696533203
2023-06-13,181.1115264892578
2023-06-14,181.74386596679688
2023-06-15,183.77914428710938
2023-06-16,182.7021942138672
2023-06-20,182.7911376953125
2023-06-21,181.75375366210938
2023-06-22,184.75729370117188
2023-06-23,184.44110107421875
2023-06-26,183.0480194091797
2023-06-27,185.8045654296875
2023-06-28,186.9803009033203
2023-06-29,187.3162078857422
2023-06-30,191.64369201660156
2023-07-03,190.15179443359375
2023-07-05,189.03538513183594
2023-07-06,189.50958251953125
2023-07-07,188.3931427001953
2023-07-10,186.3479766845703
2023-07-11,185.82431030273438
2023-07-12,187.49404907226562
2023-07-13,188.2548065185547
2023-07-14,188.40301513671875
2023-07-17,191.6634521484375
2023-07-18,191.4065704345703
2023-07-19,192.76014709472656
2023-07-20,190.81378173828125
2023-07-21,189.63804626464844
2023-07-24,190.4383087158203
2023-07-25,191.2978973388672
2023-07-26,192.1673126220703
2023-07-27,190.9026641845703
2023-07-28,193.4813690185547
2023-07-31,194.09393310546875
2023-08-01,193.26402282714844
2023-08-02,190.2703399658203
2023-08-03,188.8772430419922
2023-08-04,179.80735778808594
2023-08-07,176.70504760742188
2023-08-08,177.6436309814453
2023-08-09,176.0529327392578
2023-08-10,175.83558654785156
2023-08-11,175.8949432373047
2023-08-14,177.54714965820312
2023-08-15,175.55853271484375
2023-08-16,174.6879425048828
2023-08-17,172.14532470703125
2023-08-18,172.63014221191406
2023-08-21,173.96572875976562
2023-08-22,175.3408966064453
2023-08-23,179.18943786621094
2023-08-24,174.5
2023-08-25,176.70620727539062
2023-08-28,178.2693328857422
2023-08-29,182.157470703125
2023-08-30,185.6498260498047
2023-08-31,185.8675079345703
2023-09-01,187.44053649902344
2023-09-05,187.677978515625
2023-09-06,180.96035766601562
2023-09-07,175.66738891601562
2023-09-08,176.28076171875
2023-09-11,177.44821166992188
2023-09-12,174.42080688476562
2023-09-13,172.35311889648438
2023-09-14,173.86680603027344
2023-09-15,173.14454650878906
2023-09-18,176.07302856445312
2023-09-19,177.1613006591797
2023-09-20,173.61949157714844
2023-09-21,172.0760498046875
2023-09-22,172.92691040039062
2023-09-25,174.20315551757812
2023-09-26,170.12709045410156
2023-09-27,168.6134033203125
2023-09-28,168.87062072753906
2023-09-29,169.38510131835938
2023-10-02,171.89801025390625
2023-10-03,170.56239318847656
2023-10-04,171.80894470214844
2023-10-05,173.04563903808594
2023-10-06,175.59814453125
2023-10-09,177.0821533203125
2023-10-10,176.48854064941406
2023-10-11,177.88351440429688
2023-10-12,178.78382873535156
2023-10-13,176.9436798095703
2023-10-16,176.81500244140625
2023-10-17,175.2617645263672
2023-10-18,173.96572875976562
2023-10-19,173.58978271484375
2023-10-20,171.0372772216797
2023-10-23,171.15597534179688
2023-10-24,171.59132385253906
2023-10-25,169.27626037597656
2023-10-26,165.1111297607422
2023-10-27,166.42694091796875
2023-10-30,168.47486877441406
2023-10-31,168.94976806640625
2023-11-01,172.1156768798828
2023-11-02,175.6772918701172
2023-11-03,174.76708984375
2023-11-06,177.31956481933594
2023-11-07,179.88198852539062
2023-11-08,180.9405975341797
2023-11-09,180.4656982421875
2023-11-10,184.65611267089844
2023-11-13,183.07110595703125
2023-11-14,185.68638610839844
2023-11-15,186.25103759765625
2023-11-16,187.9351806640625
2023-11-17,187.91534423828125
2023-11-20,189.65887451171875
2023-11-21,188.85646057128906
2023-11-22,189.5201873779297
2023-11-24,188.19271850585938
2023-11-27,188.01441955566406
2023-11-28,188.6186981201172
2023-11-29,187.59832763671875
2023-11-30,188.1728973388672
2023-12-01,189.45083618164062
2023-12-04,187.65777587890625
2023-12-05,191.61044311523438
2023-12-06,190.52072143554688
2023-12-07,192.45248413085938
2023-12-08,193.8790283203125
2023-12-11,191.3726806640625
2023-12-12,192.8883819580078
2023-12-13,196.10797119140625
2023-12-14,196.25656127929688
2023-12-15,195.72161865234375
2023-12-18,194.05734252929688
2023-12-19,195.09751892089844
2023-12-20,193.00726318359375
2023-12-21,192.858642578125
2023-12-22,191.7887725830078
2023-12-26,191.24391174316406
2023-12-27,191.3429718017578
2023-12-28,191.7689666748047
2023-12-29,190.72877502441406
2024-01-02,183.90322875976562
2024-01-03,182.52622985839844
2024-01-04,180.2081298828125
2024-01-05,179.4849395751953
2024-01-08,183.82395935058594
2024-01-09,183.40789794921875
2024-01-10,184.44808959960938
2024-01-11,183.85366821289062
2024-01-12,184.18060302734375
2024-01-16,181.9120330810547
2024-01-17,180.97093200683594
2024-01-18,186.86526489257812
2024-01-19,189.76783752441406
2024-01-22,192.0760498046875
2024-01-23,193.35397338867188
2024-01-24,192.6803436279297
2024-01-25,192.3534393310547
2024-01-26,190.61978149414062
2024-01-29,189.93624877929688
2024-01-30,186.28077697753906
2024-01-31,182.6748046875
2024-02-01,185.11180114746094
2024-02-02,184.1112518310547
2024-02-05,185.92413330078125
2024-02-06,187.5290069580078
2024-02-07,187.63795471191406
2024-02-08,186.55816650390625
2024-02-09,187.32191467285156
2024-02-12,185.63565063476562
2024-02-13,183.54275512695312
2024-02-14,182.65992736816406
2024-02-15,182.37229919433594
2024-02-16,180.83482360839844
2024-02-20,180.0908966064453
2024-02-21,180.8447723388672
2024-02-22,182.87815856933594
2024-02-23,181.0431365966797
2024-02-26,179.69415283203125
2024-02-27,181.15223693847656
2024-02-28,179.95205688476562
2024-02-29,179.2874755859375
2024-03-01,178.20628356933594
2024-03-04,173.68319702148438
2024-03-05,168.74346923828125
2024-03-06,167.75157165527344
2024-03-07,167.63253784179688
2024-03-08,169.34852600097656
2024-03-11,171.35220336914062
2024-03-12,171.8282928466797
2024-03-13,169.7453155517578
2024-03-14,171.6001739501953
2024-03-15,171.2232208251953
2024-03-18,172.31434631347656
2024-03-19,174.65524291992188
2024-03-20,177.2242889404297
2024-03-21,169.98336791992188
2024-03-22,170.88600158691406
2024-03-25,169.46759033203125
2024-03-26,168.33677673339844
2024-03-27,171.90765380859375
2024-03-28,170.0924530029297
2024-04-01,168.65419006347656
2024-04-02,167.4738311767578
2024-04-03,168.27728271484375
2024-04-04,167.45401000976562
2024-04-05,168.20785522460938
2024-04-08,167.08700561523438
2024-04-09,168.29710388183594
2024-04-10,166.4224090576172
2024-04-11,173.6236572265625
2024-04-12,175.1214599609375
2024-04-15,171.29266357421875
2024-04-16,168.0094757080078
2024-04-17,166.64064025878906
2024-04-18,165.68838500976562
2024-04-19,163.6649169921875
2024-04-22,164.49810791015625
2024-04-23,165.54953002929688
2024-04-24,167.6523895263672
2024-04-25,168.5153350830078
2024-04-26,167.93011474609375
2024-04-29,172.09609985351562
2024-04-30,168.95176696777344
2024-05-01,167.93011474609375
2024-05-02,171.6299285888672
2024-05-03,181.8961944580078
2024-05-06,180.2397003173828
2024-05-07,180.9241180419922
2024-05-08,181.2613525390625
2024-05-09,183.07656860351562
2024-05-10,181.81512451171875
2024-05-13,185.02333068847656
2024-05-14,186.1655731201172
2024-05-15,188.4401397705078
2024-05-16,188.55931091308594
2024-05-17,188.589111328125
2024-05-20,189.751220703125
2024-05-21,191.05238342285156
2024-05-22,189.61215209960938
2024-05-23,185.61929321289062
2024-05-24,188.6983642578125
2024-05-28,188.7082977294922
2024-05-29,189.0063018798828
2024-05-30,189.99952697753906
2024-05-31,190.95303344726562
2024-06-03,192.72103881835938
2024-06-04,193.0388946533203
2024-06-05,194.5486297607422
2024-06-06,193.1680145263672
2024-06-07,195.56175231933594
2024-06-10,191.8171844482422
2024-06-11,205.75253295898438
2024-06-12,211.6326141357422
2024-06-13,212.79470825195312
2024-06-14,211.0565185546875
2024-06-17,215.2083282470703
2024-06-18,212.8443603515625
2024-06-20,208.2654571533203
2024-06-21,206.0902557373047
2024-06-24,206.7358856201172
2024-06-25,207.65960693359375
2024-06-26,211.8114013671875
2024-06-27,212.65567016601562
2024-06-28,209.19912719726562
2024-07-01,215.28778076171875
2024-07-02,218.78402709960938
2024-07-03,220.05538940429688
2024-07-05,224.8130645751953
2024-07-08,226.28311157226562
2024-07-09,227.13729858398438
2024-07-10,231.40829467773438
2024-07-11,226.0347900390625
2024-07-12,228.9847412109375
2024-07-15,232.81871032714844
2024-07-16,233.2358856201172
2024-07-17,227.33595275878906
2024-07-18,222.66766357421875
2024-07-19,222.79678344726562
2024-07-22,222.44915771484375
2024-07-23,223.49205017089844
2024-07-24,217.06570434570312
2024-07-25,216.02279663085938
2024-07-26,216.4896240234375
2024-07-29,216.7677459716797
2024-07-30,217.32394409179688
2024-07-31,220.5818328857422
2024-08-01,216.8869171142578
2024-08-02,218.37681579589844
2024-08-05,207.85824584960938
2024-08-06,205.83201599121094
2024-08-07,208.40455627441406
2024-08-08,211.87098693847656
2024-08-09,214.78123474121094
2024-08-12,216.3126220703125
2024-08-13,220.0316619873047
2024-08-14,220.4791717529297
2024-08-15,223.46237182617188
2024-08-16,224.78494262695312
2024-08-19,224.62582397460938
2024-08-20,225.2423553466797
2024-08-21,225.13296508789062
2024-08-22,223.2734375
2024-08-23,225.57049560546875
2024-08-26,225.90859985351562
2024-08-27,226.75384521484375
2024-08-28,225.2224578857422
2024-08-29,228.5039825439453
2024-08-30,227.7184295654297
2024-09-03,221.52328491210938
2024-09-04,219.61402893066406
2024-09-05,221.13546752929688
2024-09-06,219.58421325683594
2024-09-09,219.67369079589844
2024-09-10,218.87815856933594
2024-09-11,221.4138946533203
2024-09-12,221.52328491210938
2024-09-13,221.25479125976562
2024-09-16,215.10939025878906
2024-09-17,215.5767364501953
2024-09-18,219.45492553710938
2024-09-19,227.58912658691406
2024-09-20,226.9228973388672
2024-09-23,225.20257568359375
2024-09-24,226.0975341796875
2024-09-25,225.10311889648438
2024-09-26,226.24668884277344
2024-09-27,226.5151824951172
2024-09-30,231.696044921875
2024-10-01,224.94406127929688
2024-10-02,225.51083374023438
2024-10-03,224.40704345703125
2024-10-04,225.53073120117188
2024-10-07,220.44931030273438
2024-10-08,224.50648498535156
2024-10-09,228.25540161132812
2024-10-10,227.7581787109375
2024-10-11,226.2765350341797
2024-10-14,230.00555419921875
2024-10-15,232.54127502441406
2024-10-16,230.4828338623047
2024-10-17,230.85079956054688
2024-10-18,233.684814453125
2024-10-21,235.15655517578125
2024-10-22,234.54002380371094
2024-10-23,229.46856689453125
2024-10-24,229.27964782714844
2024-10-25,230.1149444580078
2024-10-28,232.0937957763672
2024-10-29,232.36228942871094
2024-10-30,228.812255859375
2024-10-31,224.6457061767578
2024-11-01,221.66250610351562
2024-11-04,220.76751708984375
2024-11-05,222.199462890625
2024-11-06,221.4735565185547
2024-11-07,226.2069091796875
2024-11-08,225.93814086914062
2024-11-11,223.2204132080078
2024-11-12,223.2204132080078
2024-11-13,224.10641479492188
2024-11-14,227.1924591064453
2024-11-15,223.98695373535156
2024-11-18,226.99337768554688
2024-11-19,227.252197265625
2024-11-20,227.9689483642578
2024-11-21,227.49111938476562
2024-11-22,228.8350372314453
2024-11-25,231.82151794433594
2024-11-26,234.0016632080078
2024-11-27,233.87225341796875
2024-11-29,236.26145935058594
2024-12-02,238.51126098632812
2024-12-03,241.5574951171875
2024-12-04,241.91587829589844
2024-12-05,241.94573974609375
2024-12-06,241.74664306640625
2024-12-09,245.6390380859375
2024-12-10,246.65443420410156
2024-12-11,245.38021850585938
2024-12-12,246.8435821533203
2024-12-13,247.01284790039062
2024-12-16,249.90969848632812
2024-12-17,252.33872985839844
2024-12-18,246.9331817626953
2024-12-19,248.66534423828125
2024-12-20,253.34417724609375
2024-12-23,254.12066650390625
2024-12-24,257.0374755859375
2024-12-26,257.853759765625
2024-12-27,254.439208984375
2024-12-30,251.06448364257812
2024-12-31,249.2925262451172
2025-01-02,242.75210571289062
2025-01-03,242.26431274414062
2025-01-06,243.89691162109375
2025-01-07,241.11947631835938
2025-01-08,241.6072540283203
2025-01-10,235.78363037109375
2025-01-13,233.34463500976562
2025-01-14,232.22967529296875
2025-01-15,236.7989959716797
2025-01-16,227.23228454589844
2025-01-17,228.9445343017578
2025-01-21,221.6375732421875
2025-01-22,222.82223510742188
2025-01-23,222.6529998779297
2025-01-24,221.77694702148438
2025-01-27,228.82508850097656
2025-01-28,237.187255859375
2025-01-29,238.2823028564453
2025-01-30,236.520263671875
2025-01-31,234.93743896484375
2025-02-03,226.9833984375
2025-02-04,231.75184631347656
2025-02-05,231.42332458496094
2025-02-06,232.16995239257812
2025-02-07,226.60513305664062
2025-02-10,226.8741912841797
2025-02-11,231.8272705078125
2025-02-12,236.06277465820312
2025-02-13,240.70689392089844
2025-02-14,243.76644897460938
2025-02-18,243.6368865966797
2025-02-19,244.03550720214844
2025-02-20,244.99224853515625
2025-02-21,244.71319580078125
2025-02-24,246.25791931152344
2025-02-25,246.1981201171875
2025-02-26,239.5408935546875
2025-02-27,236.49131774902344
2025-02-28,241.01583862304688
2025-03-03,237.2188262939453
2025-03-04,235.1259765625
2025-03-05,234.93663024902344
2025-03-06,234.52804565429688
2025-03-07,238.2552947998047
2025-03-10,226.70477294921875
2025-03-11,220.08740234375
2025-03-12,216.2405548095703
2025-03-13,208.96542358398438
2025-03-14,212.762451171875
2025-03-17,213.2707061767578
2025-03-18,211.96519470214844
2025-03-19,214.50648498535156
2025-03-20,213.37039184570312
2025-03-21,217.5261688232422
2025-03-24,219.97776794433594
2025-03-25,222.98748779296875
2025-03-26,220.77505493164062
2025-03-27,223.08717346191406
2025-03-28,217.1574249267578
2025-03-31,221.37301635742188
2025-04-01,222.4293975830078
2025-04-02,223.12701416015625
2025-04-03,202.49754333496094
2025-04-04,187.738037109375
2025-04-07,180.84161376953125
2025-04-08,171.83241271972656
2025-04-09,198.17236328125
2025-04-10,189.7710723876953
2025-04-11,197.4747314453125
2025-04-14,201.82984924316406
2025-04-15,201.4511260986328
2025-04-16,193.6079559326172
2025-04-17,196.3087158203125
2025-04-21,192.50173950195312
2025-04-22,199.059326171875
2025-04-23,203.9027557373047
2025-04-24,207.659912109375
2025-04-25,208.56680297851562
2025-04-28,209.4238739013672
2025-04-29,210.490234375
2025-04-30,211.7758331298828
2025-05-01,212.59304809570312
2025-05-02,204.6501922607422
2025-05-05,198.21221923828125
2025-05-06,197.83349609375
2025-05-07,195.58120727539062
2025-05-08,196.81698608398438
2025-05-09,197.8534393310547
2025-05-12,210.34713745117188
2025-05-13,212.48263549804688
2025-05-14,211.88389587402344
2025-05-15,211.00575256347656
2025-05-16,210.81614685058594
2025-05-19,208.3413543701172
2025-05-20,206.42539978027344
2025-05-21,201.6654052734375
2025-05-22,200.9369354248047
2025-05-23,194.85975646972656
2025-05-27,199.78936767578125
2025-05-28,199.99891662597656
2025-05-29,199.5299072265625
2025-05-30,200.4280242919922
2025-06-02,201.27622985839844
2025-06-03,202.84292602539062
2025-06-04,202.39389038085938
2025-06-05,200.20849609375
2025-06-06,203.49156188964844
2025-06-09,201.02676391601562
2025-06-10,202.2441864013672
2025-06-11,198.36236572265625
2025-06-12,198.78147888183594
2025-06-13,196.03726196289062
2025-06-16,198.0031280517578
2025-06-17,195.2289581298828
2025-06-18,196.16697692871094
2025-06-20,200.57769775390625
2025-06-23,201.07666015625
2025-06-24,199.87918090820312
2025-06-25,201.13653564453125
2025-06-26,200.57769775390625
2025-06-27,200.65753173828125
2025-06-30,204.7389373779297
2025-07-01,207.3833770751953
2025-07-02,211.99366760253906
2025-07-03,213.10134887695312
2025-07-07,209.50889587402344
2025-07-08,209.5687713623047
2025-07-09,210.69639587402344
2025-07-10,211.96372985839844
2025-07-11,210.7163543701172
2025-07-14,208.1816864013672
2025-07-15,208.67066955566406
2025-07-16,209.71847534179688
2025-07-17,209.57875061035156
2025-07-18,210.73631286621094
2025-07-21,212.0335693359375
2025-07-22,213.94955444335938
2025-07-23,213.7000732421875
2025-07-24,213.31088256835938
2025-07-25,213.43064880371094
2025-07-28,213.6002960205078
2025-07-29,210.8261260986328
2025-07-30,208.6107940673828
2025-07-31,207.1339111328125
2025-08-01,201.95481872558594
2025-08-04,202.9227752685547
2025-08-05,202.49366760253906
2025-08-06,212.80197143554688
2025-08-07,219.56771850585938
2025-08-08,228.86814880371094
2025-08-11,226.95997619628906
2025-08-12,229.42758178710938
2025-08-13,233.10403442382812
2025-08-14,232.5545654296875
2025-08-15,231.36570739746094
2025-08-18,230.66639709472656
2025-08-19,230.3367156982422
2025-08-20,225.79110717773438
2025-08-21,224.68218994140625
2025-08-22,227.53941345214844
2025-08-25,226.94000244140625
2025-08-26,229.08792114257812
2025-08-27,230.26678466796875
2025-08-28,232.33477783203125
2025-08-29,231.91517639160156
2025-09-02,229.49752807617188
2025-09-03,238.2390594482422
2025-09-04,239.5477752685547
2025-09-05,239.45787048339844
2025-09-08,237.64962768554688
2025-09-09,234.123046875
2025-09-10,226.5703582763672
2025-09-11,229.80722045898438
2025-09-12,233.84332275390625
2025-09-15,236.47076416015625
2025-09-16,237.9193572998047
2025-09-17,238.75856018066406
2025-09-18,237.64962768554688
2025-09-19,245.26223754882812
2025-09-22,255.8319854736328
2025-09-23,254.18359375
2025-09-24,252.06564331054688
2025-09-25,256.6212158203125
2025-09-26,255.2126007080078
2025-09-29,254.18359375
2025-09-30,254.38340759277344
2025-10-01,255.20260620117188
2025-10-02,256.8809814453125
2025-10-03,257.7701110839844
2025-10-06,256.44140625
2025-10-07,256.23162841796875
2025-10-08,257.8100891113281
2025-10-09,253.79396057128906
2025-10-10,245.032470703125
2025-10-13,247.42015075683594
2025-10-14,247.53004455566406
2025-10-15,249.09852600097656
2025-10-16,247.21035766601562
2025-10-17,252.045654296875
2025-10-20,261.98602294921875
2025-10-21,262.5155029296875
2025-10-22,258.19970703125
2025-10-23,259.3285827636719
2025-10-24,262.56549072265625
2025-10-27,268.5496520996094
2025-10-28,268.7394714355469
2025-10-29,269.4388122558594
2025-10-30,271.13714599609375
2025-10-31,270.108154296875
2025-11-03,268.7894287109375
2025-11-04,269.7784729003906
2025-11-05,269.8783874511719
2025-11-06,269.50872802734375
2025-11-07,268.2099914550781
2025-11-10,269.42999267578125
2025-11-11,275.25
2025-11-12,273.4700012207031
2025-11-13,272.95001220703125
2025-11-14,272.4100036621094
2025-11-17,267.4599914550781
2025-11-18,267.44000244140625
2025-11-19,268.55999755859375
2025-11-20,266.25
2025-11-21,271.489990234375
